ts_event,open,high,low,close,volume,rtype,publisher_id,instrument_id,symbol
2024-11-01 00:00:00+00:00,2756.6,2757.2,2754.5,2754.6,1280,33.0,1.0,393.0,GC
2024-11-01 01:00:00+00:00,2754.6,2759.8,2754.5,2759.6,5545,33.0,1.0,393.0,GC
2024-11-01 02:00:00+00:00,2759.4,2760.9,2755.5,2758.5,3155,33.0,1.0,393.0,GC
2024-11-01 03:00:00+00:00,2758.6,2761.7,2757.2,2761.5,2805,33.0,1.0,393.0,GC
2024-11-01 04:00:00+00:00,2761.4,2762.7,2760.4,2761.8,1760,33.0,1.0,393.0,GC
2024-11-01 05:00:00+00:00,2761.9,2765.0,2761.2,2764.7,3149,33.0,1.0,393.0,GC
2024-11-01 06:00:00+00:00,2764.8,2767.5,2761.0,2761.5,5471,33.0,1.0,393.0,GC
2024-11-01 07:00:00+00:00,2761.6,2762.9,2756.8,2759.5,3573,33.0,1.0,393.0,GC
2024-11-01 08:00:00+00:00,2759.3,2764.8,2758.2,2763.2,5995,33.0,1.0,393.0,GC
2024-11-01 09:00:00+00:00,2763.2,2765.2,2757.9,2761.3,4598,33.0,1.0,393.0,GC
2024-11-01 10:00:00+00:00,2761.3,2761.7,2754.8,2759.6,4232,33.0,1.0,393.0,GC
2024-11-01 11:00:00+00:00,2759.6,2764.0,2759.6,2762.7,5508,33.0,1.0,393.0,GC
2024-11-01 12:00:00+00:00,2762.7,2770.0,2758.7,2764.0,23037,33.0,1.0,393.0,GC
2024-11-01 13:00:00+00:00,2763.9,2772.4,2762.2,2766.1,19131,33.0,1.0,393.0,GC
2024-11-01 14:00:00+00:00,2766.2,2769.7,2749.4,2757.1,26566,33.0,1.0,393.0,GC
2024-11-01 15:00:00+00:00,2757.1,2760.4,2752.3,2754.4,9192,33.0,1.0,393.0,GC
2024-11-01 16:00:00+00:00,2754.4,2755.9,2749.8,2752.7,6033,33.0,1.0,393.0,GC
2024-11-01 17:00:00+00:00,2752.8,2753.6,2744.6,2746.1,9341,33.0,1.0,393.0,GC
2024-11-01 18:00:00+00:00,2745.9,2747.7,2743.1,2745.7,5568,33.0,1.0,393.0,GC
2024-11-01 19:00:00+00:00,2745.7,2746.6,2742.6,2743.8,4440,33.0,1.0,393.0,GC
2024-11-01 20:00:00+00:00,2743.9,2746.7,2743.0,2745.9,2452,33.0,1.0,393.0,GC
2024-11-03 23:00:00+00:00,2743.5,2749.5,2739.4,2747.4,5097,33.0,1.0,393.0,GC
2024-11-04 00:00:00+00:00,2747.6,2750.5,2745.9,2749.6,2514,33.0,1.0,393.0,GC
2024-11-04 01:00:00+00:00,2749.8,2750.8,2744.5,2749.2,4440,33.0,1.0,393.0,GC
2024-11-04 02:00:00+00:00,2749.1,2750.3,2746.1,2749.3,2399,33.0,1.0,393.0,GC
2024-11-04 03:00:00+00:00,2749.5,2751.9,2748.7,2750.3,1942,33.0,1.0,393.0,GC
2024-11-04 04:00:00+00:00,2750.3,2751.4,2748.9,2750.3,1167,33.0,1.0,393.0,GC
2024-11-04 05:00:00+00:00,2750.4,2753.0,2746.8,2750.8,3309,33.0,1.0,393.0,GC
2024-11-04 06:00:00+00:00,2750.8,2750.8,2745.0,2750.8,4381,33.0,1.0,393.0,GC
2024-11-04 07:00:00+00:00,2750.7,2754.0,2744.2,2745.0,5018,33.0,1.0,393.0,GC
2024-11-04 08:00:00+00:00,2745.0,2747.7,2740.7,2742.3,7051,33.0,1.0,393.0,GC
2024-11-04 09:00:00+00:00,2742.3,2753.2,2741.5,2752.4,9032,33.0,1.0,393.0,GC
2024-11-04 10:00:00+00:00,2752.4,2754.4,2746.2,2747.6,6302,33.0,1.0,393.0,GC
2024-11-04 11:00:00+00:00,2747.6,2750.3,2745.4,2749.9,3638,33.0,1.0,393.0,GC
2024-11-04 12:00:00+00:00,2749.7,2753.2,2748.2,2752.7,5008,33.0,1.0,393.0,GC
2024-11-04 13:00:00+00:00,2752.7,2756.2,2747.9,2756.1,9992,33.0,1.0,393.0,GC
2024-11-04 14:00:00+00:00,2756.1,2757.5,2747.1,2752.6,12978,33.0,1.0,393.0,GC
2024-11-04 15:00:00+00:00,2752.9,2755.0,2747.0,2747.8,13943,33.0,1.0,393.0,GC
2024-11-04 16:00:00+00:00,2747.9,2748.4,2741.8,2743.8,10949,33.0,1.0,393.0,GC
2024-11-04 17:00:00+00:00,2743.8,2747.9,2741.0,2747.8,6346,33.0,1.0,393.0,GC
2024-11-04 18:00:00+00:00,2747.7,2748.6,2744.9,2747.7,5350,33.0,1.0,393.0,GC
2024-11-04 19:00:00+00:00,2747.6,2749.2,2746.5,2747.7,2020,33.0,1.0,393.0,GC
2024-11-04 20:00:00+00:00,2747.6,2748.1,2745.7,2746.5,2253,33.0,1.0,393.0,GC
2024-11-04 21:00:00+00:00,2746.6,2746.8,2745.1,2745.8,752,33.0,1.0,393.0,GC
2024-11-04 23:00:00+00:00,2746.0,2746.9,2744.8,2744.8,1077,33.0,1.0,393.0,GC
2024-11-05 00:00:00+00:00,2744.8,2745.4,2742.8,2743.8,1786,33.0,1.0,393.0,GC
2024-11-05 01:00:00+00:00,2743.7,2745.0,2741.6,2743.1,3335,33.0,1.0,393.0,GC
2024-11-05 02:00:00+00:00,2743.0,2744.1,2733.4,2737.1,6854,33.0,1.0,393.0,GC
2024-11-05 03:00:00+00:00,2737.1,2744.8,2736.6,2744.1,4704,33.0,1.0,393.0,GC
2024-11-05 04:00:00+00:00,2744.1,2745.1,2741.7,2743.1,2589,33.0,1.0,393.0,GC
2024-11-05 05:00:00+00:00,2743.1,2745.9,2740.7,2741.2,2363,33.0,1.0,393.0,GC
2024-11-05 06:00:00+00:00,2741.2,2747.7,2740.3,2746.6,4166,33.0,1.0,393.0,GC
2024-11-05 07:00:00+00:00,2746.5,2750.2,2744.1,2745.3,3813,33.0,1.0,393.0,GC
2024-11-05 08:00:00+00:00,2745.4,2752.5,2741.0,2751.6,7486,33.0,1.0,393.0,GC
2024-11-05 09:00:00+00:00,2751.6,2754.2,2748.1,2749.2,5142,33.0,1.0,393.0,GC
2024-11-05 10:00:00+00:00,2749.1,2749.7,2744.8,2747.0,5798,33.0,1.0,393.0,GC
2024-11-05 11:00:00+00:00,2747.5,2752.1,2747.5,2750.7,6449,33.0,1.0,393.0,GC
2024-11-05 12:00:00+00:00,2750.9,2752.2,2746.5,2747.0,3776,33.0,1.0,393.0,GC
2024-11-05 13:00:00+00:00,2747.1,2756.0,2745.8,2754.0,10774,33.0,1.0,393.0,GC
2024-11-05 14:00:00+00:00,2753.9,2759.5,2750.4,2756.2,15195,33.0,1.0,393.0,GC
2024-11-05 15:00:00+00:00,2756.2,2756.2,2742.2,2751.4,18750,33.0,1.0,393.0,GC
2024-11-05 16:00:00+00:00,2751.5,2754.0,2745.5,2748.3,7732,33.0,1.0,393.0,GC
2024-11-05 17:00:00+00:00,2748.3,2753.0,2747.4,2751.4,5515,33.0,1.0,393.0,GC
2024-11-05 18:00:00+00:00,2751.4,2753.3,2748.8,2750.8,5029,33.0,1.0,393.0,GC
2024-11-05 19:00:00+00:00,2750.8,2751.7,2748.9,2749.9,1995,33.0,1.0,393.0,GC
2024-11-05 20:00:00+00:00,2750.0,2752.7,2749.1,2752.1,2881,33.0,1.0,393.0,GC
2024-11-05 21:00:00+00:00,2752.2,2754.1,2751.7,2753.4,1056,33.0,1.0,393.0,GC
2024-11-05 23:00:00+00:00,2752.6,2755.2,2750.7,2754.4,1450,33.0,1.0,393.0,GC
2024-11-06 00:00:00+00:00,2754.5,2754.5,2744.0,2746.8,6045,33.0,1.0,393.0,GC
2024-11-06 01:00:00+00:00,2747.1,2758.8,2741.6,2756.0,12429,33.0,1.0,393.0,GC
2024-11-06 02:00:00+00:00,2755.6,2757.3,2745.7,2746.4,11393,33.0,1.0,393.0,GC
2024-11-06 03:00:00+00:00,2746.4,2752.7,2738.8,2743.0,13592,33.0,1.0,393.0,GC
2024-11-06 04:00:00+00:00,2743.2,2752.0,2742.0,2750.6,7585,33.0,1.0,393.0,GC
2024-11-06 05:00:00+00:00,2750.6,2752.5,2745.4,2747.8,6330,33.0,1.0,393.0,GC
2024-11-06 06:00:00+00:00,2747.8,2748.0,2709.8,2716.2,28601,33.0,1.0,393.0,GC
2024-11-06 07:00:00+00:00,2716.1,2742.2,2713.1,2734.5,16929,33.0,1.0,393.0,GC
2024-11-06 08:00:00+00:00,2734.4,2742.8,2731.6,2733.3,10242,33.0,1.0,393.0,GC
2024-11-06 09:00:00+00:00,2733.3,2737.7,2725.2,2733.7,8116,33.0,1.0,393.0,GC
2024-11-06 10:00:00+00:00,2733.6,2736.3,2727.6,2729.1,3888,33.0,1.0,393.0,GC
2024-11-06 11:00:00+00:00,2729.1,2731.8,2704.4,2707.8,16340,33.0,1.0,393.0,GC
2024-11-06 12:00:00+00:00,2707.6,2716.9,2701.8,2703.8,16661,33.0,1.0,393.0,GC
2024-11-06 13:00:00+00:00,2703.6,2703.6,2666.9,2672.2,50039,33.0,1.0,393.0,GC
2024-11-06 14:00:00+00:00,2672.2,2678.7,2660.7,2668.4,35562,33.0,1.0,393.0,GC
2024-11-06 15:00:00+00:00,2668.4,2684.8,2666.1,2684.6,28622,33.0,1.0,393.0,GC
2024-11-06 16:00:00+00:00,2684.7,2687.0,2671.2,2674.8,16176,33.0,1.0,393.0,GC
2024-11-06 17:00:00+00:00,2674.7,2677.9,2670.1,2672.0,7826,33.0,1.0,393.0,GC
2024-11-06 18:00:00+00:00,2671.9,2678.2,2671.5,2674.2,9600,33.0,1.0,393.0,GC
2024-11-06 19:00:00+00:00,2674.3,2677.1,2673.4,2675.7,3532,33.0,1.0,393.0,GC
2024-11-06 20:00:00+00:00,2675.7,2676.4,2667.9,2669.3,5302,33.0,1.0,393.0,GC
2024-11-06 21:00:00+00:00,2669.4,2671.2,2667.5,2668.0,1895,33.0,1.0,393.0,GC
2024-11-06 23:00:00+00:00,2667.7,2671.8,2666.5,2671.3,2374,33.0,1.0,393.0,GC
2024-11-07 00:00:00+00:00,2671.3,2671.5,2668.2,2668.8,2390,33.0,1.0,393.0,GC
2024-11-07 01:00:00+00:00,2668.7,2671.4,2650.3,2656.4,13738,33.0,1.0,393.0,GC
2024-11-07 02:00:00+00:00,2656.5,2664.8,2656.5,2664.6,6740,33.0,1.0,393.0,GC
2024-11-07 03:00:00+00:00,2664.7,2668.3,2662.9,2666.2,5054,33.0,1.0,393.0,GC
2024-11-07 04:00:00+00:00,2666.1,2666.6,2660.7,2661.3,3648,33.0,1.0,393.0,GC
2024-11-07 05:00:00+00:00,2661.4,2667.6,2661.4,2666.0,2756,33.0,1.0,393.0,GC
2024-11-07 06:00:00+00:00,2665.8,2666.4,2659.5,2663.9,4724,33.0,1.0,393.0,GC
2024-11-07 07:00:00+00:00,2663.8,2674.7,2662.9,2670.1,8944,33.0,1.0,393.0,GC
2024-11-07 08:00:00+00:00,2670.2,2673.6,2664.3,2664.3,8095,33.0,1.0,393.0,GC
2024-11-07 09:00:00+00:00,2664.4,2673.0,2664.3,2668.5,6845,33.0,1.0,393.0,GC
2024-11-07 10:00:00+00:00,2668.5,2675.2,2666.7,2673.3,7619,33.0,1.0,393.0,GC
2024-11-07 11:00:00+00:00,2673.2,2675.1,2670.6,2673.3,3624,33.0,1.0,393.0,GC
2024-11-07 12:00:00+00:00,2673.2,2681.5,2671.3,2681.0,9391,33.0,1.0,393.0,GC
2024-11-07 13:00:00+00:00,2681.1,2692.5,2679.7,2692.0,21509,33.0,1.0,393.0,GC
2024-11-07 14:00:00+00:00,2691.8,2702.6,2689.6,2699.3,21243,33.0,1.0,393.0,GC
2024-11-07 15:00:00+00:00,2699.2,2707.8,2697.4,2706.1,17082,33.0,1.0,393.0,GC
2024-11-07 16:00:00+00:00,2706.0,2706.8,2697.7,2703.1,14346,33.0,1.0,393.0,GC
2024-11-07 17:00:00+00:00,2703.1,2707.8,2701.5,2706.8,7508,33.0,1.0,393.0,GC
2024-11-07 18:00:00+00:00,2706.8,2707.0,2701.3,2703.0,7573,33.0,1.0,393.0,GC
2024-11-07 19:00:00+00:00,2703.2,2705.5,2694.6,2701.6,12820,33.0,1.0,393.0,GC
2024-11-07 20:00:00+00:00,2701.7,2718.3,2700.0,2711.9,15454,33.0,1.0,393.0,GC
2024-11-07 21:00:00+00:00,2712.0,2716.1,2711.1,2714.0,2508,33.0,1.0,393.0,GC
2024-11-07 23:00:00+00:00,2713.6,2715.4,2711.4,2714.3,2232,33.0,1.0,393.0,GC
2024-11-08 00:00:00+00:00,2714.2,2717.8,2712.9,2713.5,2656,33.0,1.0,393.0,GC
2024-11-08 01:00:00+00:00,2713.6,2715.0,2706.5,2707.4,6638,33.0,1.0,393.0,GC
2024-11-08 02:00:00+00:00,2707.2,2708.4,2702.4,2704.8,4438,33.0,1.0,393.0,GC
2024-11-08 03:00:00+00:00,2704.8,2707.9,2701.2,2702.4,3197,33.0,1.0,393.0,GC
2024-11-08 04:00:00+00:00,2702.4,2703.4,2700.4,2700.8,2815,33.0,1.0,393.0,GC
2024-11-08 05:00:00+00:00,2701.0,2703.4,2700.8,2702.3,1952,33.0,1.0,393.0,GC
2024-11-08 06:00:00+00:00,2702.3,2703.1,2693.1,2693.6,7622,33.0,1.0,393.0,GC
2024-11-08 07:00:00+00:00,2693.5,2695.1,2687.3,2694.6,6949,33.0,1.0,393.0,GC
2024-11-08 08:00:00+00:00,2694.5,2699.0,2688.9,2696.0,8821,33.0,1.0,393.0,GC
2024-11-08 09:00:00+00:00,2695.9,2698.4,2694.3,2696.7,4034,33.0,1.0,393.0,GC
2024-11-08 10:00:00+00:00,2696.7,2696.7,2689.0,2695.6,4767,33.0,1.0,393.0,GC
2024-11-08 11:00:00+00:00,2695.9,2702.3,2693.8,2699.2,5209,33.0,1.0,393.0,GC
2024-11-08 12:00:00+00:00,2699.3,2700.4,2693.3,2699.2,6075,33.0,1.0,393.0,GC
2024-11-08 13:00:00+00:00,2699.1,2708.8,2695.1,2705.3,16908,33.0,1.0,393.0,GC
2024-11-08 14:00:00+00:00,2705.3,2711.7,2694.9,2699.2,20150,33.0,1.0,393.0,GC
2024-11-08 15:00:00+00:00,2699.0,2700.4,2690.9,2695.1,17286,33.0,1.0,393.0,GC
2024-11-08 16:00:00+00:00,2694.9,2696.8,2690.2,2690.8,9384,33.0,1.0,393.0,GC
2024-11-08 17:00:00+00:00,2690.9,2696.2,2690.9,2695.6,6439,33.0,1.0,393.0,GC
2024-11-08 18:00:00+00:00,2695.7,2696.5,2691.5,2692.7,7132,33.0,1.0,393.0,GC
2024-11-08 19:00:00+00:00,2692.8,2695.3,2690.9,2694.8,3733,33.0,1.0,393.0,GC
2024-11-08 20:00:00+00:00,2694.7,2696.2,2692.6,2692.8,4698,33.0,1.0,393.0,GC
2024-11-08 21:00:00+00:00,2692.8,2693.6,2690.4,2691.7,2357,33.0,1.0,393.0,GC
2024-11-10 23:00:00+00:00,2692.1,2693.3,2686.6,2692.6,2442,33.0,1.0,393.0,GC
2024-11-11 00:00:00+00:00,2692.8,2693.4,2689.7,2691.2,1906,33.0,1.0,393.0,GC
2024-11-11 01:00:00+00:00,2691.1,2692.1,2678.5,2679.9,7945,33.0,1.0,393.0,GC
2024-11-11 02:00:00+00:00,2679.7,2682.0,2673.1,2678.8,6134,33.0,1.0,393.0,GC
2024-11-11 03:00:00+00:00,2678.7,2678.8,2674.9,2677.2,2636,33.0,1.0,393.0,GC
2024-11-11 04:00:00+00:00,2677.0,2679.4,2675.6,2679.2,2595,33.0,1.0,393.0,GC
2024-11-11 05:00:00+00:00,2679.0,2681.3,2673.5,2676.0,4970,33.0,1.0,393.0,GC
2024-11-11 06:00:00+00:00,2676.0,2680.7,2675.1,2679.9,2385,33.0,1.0,393.0,GC
2024-11-11 07:00:00+00:00,2679.8,2680.6,2675.5,2676.3,3690,33.0,1.0,393.0,GC
2024-11-11 08:00:00+00:00,2676.3,2678.6,2674.3,2676.3,4039,33.0,1.0,393.0,GC
2024-11-11 09:00:00+00:00,2676.3,2677.6,2670.5,2673.5,5337,33.0,1.0,393.0,GC
2024-11-11 10:00:00+00:00,2673.4,2682.6,2667.7,2668.7,8740,33.0,1.0,393.0,GC
2024-11-11 11:00:00+00:00,2668.8,2673.9,2665.8,2669.2,7494,33.0,1.0,393.0,GC
2024-11-11 12:00:00+00:00,2669.3,2669.9,2663.0,2664.1,7094,33.0,1.0,393.0,GC
2024-11-11 13:00:00+00:00,2664.0,2664.3,2640.5,2642.0,29323,33.0,1.0,393.0,GC
2024-11-11 14:00:00+00:00,2642.1,2642.3,2623.9,2629.0,39142,33.0,1.0,393.0,GC
2024-11-11 15:00:00+00:00,2628.9,2633.0,2619.8,2621.1,20474,33.0,1.0,393.0,GC
2024-11-11 16:00:00+00:00,2621.2,2624.9,2619.2,2621.8,12283,33.0,1.0,393.0,GC
2024-11-11 17:00:00+00:00,2621.8,2623.7,2617.7,2619.2,11144,33.0,1.0,393.0,GC
2024-11-11 18:00:00+00:00,2619.1,2626.1,2617.1,2625.6,11074,33.0,1.0,393.0,GC
2024-11-11 19:00:00+00:00,2625.6,2627.3,2624.4,2625.8,3874,33.0,1.0,393.0,GC
2024-11-11 20:00:00+00:00,2625.9,2632.8,2625.9,2628.4,6317,33.0,1.0,393.0,GC
2024-11-11 21:00:00+00:00,2628.6,2629.7,2625.6,2626.1,1938,33.0,1.0,393.0,GC
2024-11-11 23:00:00+00:00,2625.7,2630.4,2625.6,2630.2,2263,33.0,1.0,393.0,GC
2024-11-12 00:00:00+00:00,2630.3,2632.0,2628.4,2630.1,2703,33.0,1.0,393.0,GC
2024-11-12 01:00:00+00:00,2630.0,2633.4,2625.1,2630.2,6781,33.0,1.0,393.0,GC
2024-11-12 02:00:00+00:00,2630.2,2631.6,2626.6,2628.0,3438,33.0,1.0,393.0,GC
2024-11-12 03:00:00+00:00,2628.2,2629.8,2624.9,2625.0,1739,33.0,1.0,393.0,GC
2024-11-12 04:00:00+00:00,2624.9,2625.3,2621.6,2623.9,3337,33.0,1.0,393.0,GC
2024-11-12 05:00:00+00:00,2623.9,2624.3,2611.2,2612.9,8726,33.0,1.0,393.0,GC
2024-11-12 06:00:00+00:00,2612.7,2616.4,2609.6,2614.2,7346,33.0,1.0,393.0,GC
2024-11-12 07:00:00+00:00,2614.3,2615.5,2601.7,2604.6,13190,33.0,1.0,393.0,GC
2024-11-12 08:00:00+00:00,2604.8,2612.9,2604.7,2606.7,8192,33.0,1.0,393.0,GC
2024-11-12 09:00:00+00:00,2606.5,2606.9,2596.7,2599.4,11333,33.0,1.0,393.0,GC
2024-11-12 10:00:00+00:00,2599.4,2604.7,2595.7,2602.7,9912,33.0,1.0,393.0,GC
2024-11-12 11:00:00+00:00,2602.7,2605.1,2598.6,2604.1,7428,33.0,1.0,393.0,GC
2024-11-12 12:00:00+00:00,2604.1,2613.9,2604.1,2611.9,16809,33.0,1.0,393.0,GC
2024-11-12 13:00:00+00:00,2611.9,2623.0,2610.9,2618.1,23209,33.0,1.0,393.0,GC
2024-11-12 14:00:00+00:00,2618.3,2624.1,2615.4,2616.9,17895,33.0,1.0,393.0,GC
2024-11-12 15:00:00+00:00,2616.8,2618.3,2603.7,2604.8,23471,33.0,1.0,393.0,GC
2024-11-12 16:00:00+00:00,2605.0,2610.6,2604.0,2607.2,11128,33.0,1.0,393.0,GC
2024-11-12 17:00:00+00:00,2607.1,2607.5,2598.8,2603.9,10463,33.0,1.0,393.0,GC
2024-11-12 18:00:00+00:00,2604.0,2608.8,2602.9,2605.5,7754,33.0,1.0,393.0,GC
2024-11-12 19:00:00+00:00,2605.6,2607.9,2604.3,2604.7,3066,33.0,1.0,393.0,GC
2024-11-12 20:00:00+00:00,2604.6,2607.6,2601.6,2606.1,4901,33.0,1.0,393.0,GC
2024-11-12 21:00:00+00:00,2606.2,2607.2,2603.5,2604.7,1651,33.0,1.0,393.0,GC
2024-11-12 23:00:00+00:00,2604.7,2628.0,2603.7,2604.7,1240,33.0,1.0,393.0,GC
2024-11-13 00:00:00+00:00,2604.9,2605.6,2603.9,2605.4,1443,33.0,1.0,393.0,GC
2024-11-13 01:00:00+00:00,2605.4,2617.1,2605.4,2614.1,7761,33.0,1.0,393.0,GC
2024-11-13 02:00:00+00:00,2614.2,2618.4,2611.1,2617.9,4976,33.0,1.0,393.0,GC
2024-11-13 03:00:00+00:00,2618.1,2619.1,2612.2,2617.3,5453,33.0,1.0,393.0,GC
2024-11-13 04:00:00+00:00,2617.5,2618.2,2612.0,2612.1,4436,33.0,1.0,393.0,GC
2024-11-13 05:00:00+00:00,2612.3,2613.7,2609.3,2611.6,3448,33.0,1.0,393.0,GC
2024-11-13 06:00:00+00:00,2611.4,2635.8,2610.1,2611.1,3195,33.0,1.0,393.0,GC
2024-11-13 07:00:00+00:00,2611.0,2613.3,2610.1,2612.0,2780,33.0,1.0,393.0,GC
2024-11-13 08:00:00+00:00,2612.1,2634.0,2606.7,2613.6,10130,33.0,1.0,393.0,GC
2024-11-13 09:00:00+00:00,2613.5,2617.7,2613.2,2614.4,5671,33.0,1.0,393.0,GC
2024-11-13 10:00:00+00:00,2614.3,2616.3,2612.8,2614.8,4386,33.0,1.0,393.0,GC
2024-11-13 11:00:00+00:00,2614.7,2617.5,2611.6,2616.7,4911,33.0,1.0,393.0,GC
2024-11-13 12:00:00+00:00,2616.8,2618.9,2614.8,2615.7,4878,33.0,1.0,393.0,GC
2024-11-13 13:00:00+00:00,2615.7,2625.0,2613.0,2618.6,22687,33.0,1.0,393.0,GC
2024-11-13 14:00:00+00:00,2618.6,2622.6,2606.6,2607.8,21537,33.0,1.0,393.0,GC
2024-11-13 15:00:00+00:00,2607.7,2613.0,2599.3,2611.3,22189,33.0,1.0,393.0,GC
2024-11-13 16:00:00+00:00,2611.3,2612.0,2590.5,2591.5,21321,33.0,1.0,393.0,GC
2024-11-13 17:00:00+00:00,2591.6,2592.6,2583.3,2589.1,13530,33.0,1.0,393.0,GC
2024-11-13 18:00:00+00:00,2589.2,2591.3,2585.3,2588.6,10388,33.0,1.0,393.0,GC
2024-11-13 19:00:00+00:00,2588.7,2591.0,2586.4,2586.9,3682,33.0,1.0,393.0,GC
2024-11-13 20:00:00+00:00,2586.8,2587.0,2578.8,2579.4,7912,33.0,1.0,393.0,GC
2024-11-13 21:00:00+00:00,2579.5,2605.0,2578.1,2578.4,2750,33.0,1.0,393.0,GC
2024-11-13 23:00:00+00:00,2578.1,2585.8,2573.6,2575.0,9389,33.0,1.0,393.0,GC
2024-11-14 00:00:00+00:00,2575.2,2579.0,2574.0,2576.7,2955,33.0,1.0,393.0,GC
2024-11-14 01:00:00+00:00,2576.7,2577.2,2566.5,2567.7,11902,33.0,1.0,393.0,GC
2024-11-14 02:00:00+00:00,2567.4,2569.5,2563.8,2565.5,7669,33.0,1.0,393.0,GC
2024-11-14 03:00:00+00:00,2565.5,2569.6,2564.7,2565.3,3821,33.0,1.0,393.0,GC
2024-11-14 04:00:00+00:00,2565.2,2569.9,2563.8,2569.9,5358,33.0,1.0,393.0,GC
2024-11-14 05:00:00+00:00,2569.7,2569.8,2560.0,2563.2,9314,33.0,1.0,393.0,GC
2024-11-14 06:00:00+00:00,2563.2,2565.0,2556.4,2559.7,7025,33.0,1.0,393.0,GC
2024-11-14 07:00:00+00:00,2559.6,2563.8,2555.1,2561.9,7933,33.0,1.0,393.0,GC
2024-11-14 08:00:00+00:00,2561.8,2565.2,2559.4,2560.8,6362,33.0,1.0,393.0,GC
2024-11-14 09:00:00+00:00,2561.0,2563.3,2541.5,2548.3,17531,33.0,1.0,393.0,GC
2024-11-14 10:00:00+00:00,2548.2,2552.9,2543.8,2552.0,10681,33.0,1.0,393.0,GC
2024-11-14 11:00:00+00:00,2551.9,2559.9,2550.0,2558.7,9403,33.0,1.0,393.0,GC
2024-11-14 12:00:00+00:00,2558.9,2562.1,2555.1,2557.2,9486,33.0,1.0,393.0,GC
2024-11-14 13:00:00+00:00,2557.1,2565.3,2556.1,2562.1,16766,33.0,1.0,393.0,GC
2024-11-14 14:00:00+00:00,2562.0,2571.1,2559.2,2564.6,21230,33.0,1.0,393.0,GC
2024-11-14 15:00:00+00:00,2564.6,2578.2,2563.5,2575.4,20689,33.0,1.0,393.0,GC
2024-11-14 16:00:00+00:00,2575.6,2582.7,2574.4,2579.1,13593,33.0,1.0,393.0,GC
2024-11-14 17:00:00+00:00,2579.2,2581.0,2572.4,2578.3,8420,33.0,1.0,393.0,GC
2024-11-14 18:00:00+00:00,2578.3,2578.7,2572.4,2575.0,6184,33.0,1.0,393.0,GC
2024-11-14 19:00:00+00:00,2575.0,2582.3,2575.0,2581.4,4229,33.0,1.0,393.0,GC
2024-11-14 20:00:00+00:00,2581.4,2582.0,2569.0,2572.5,11830,33.0,1.0,393.0,GC
2024-11-14 21:00:00+00:00,2572.6,2574.9,2569.4,2570.6,2613,33.0,1.0,393.0,GC
2024-11-14 23:00:00+00:00,2570.4,2572.3,2569.9,2571.8,1419,33.0,1.0,393.0,GC
2024-11-15 00:00:00+00:00,2571.9,2572.5,2570.8,2571.6,2167,33.0,1.0,393.0,GC
2024-11-15 01:00:00+00:00,2571.6,2576.5,2567.6,2569.6,4944,33.0,1.0,393.0,GC
2024-11-15 02:00:00+00:00,2569.7,2575.8,2569.7,2574.9,2684,33.0,1.0,393.0,GC
2024-11-15 03:00:00+00:00,2575.0,2576.1,2572.4,2572.5,1775,33.0,1.0,393.0,GC
2024-11-15 04:00:00+00:00,2572.4,2574.3,2571.6,2571.7,923,33.0,1.0,393.0,GC
2024-11-15 05:00:00+00:00,2571.8,2571.9,2564.2,2564.4,3752,33.0,1.0,393.0,GC
2024-11-15 06:00:00+00:00,2564.3,2568.1,2558.9,2565.8,5752,33.0,1.0,393.0,GC
2024-11-15 07:00:00+00:00,2565.9,2569.3,2563.7,2568.2,3166,33.0,1.0,393.0,GC
2024-11-15 08:00:00+00:00,2568.1,2573.9,2565.1,2571.4,6131,33.0,1.0,393.0,GC
2024-11-15 09:00:00+00:00,2571.5,2573.7,2568.5,2568.5,3594,33.0,1.0,393.0,GC
2024-11-15 10:00:00+00:00,2568.5,2575.3,2567.5,2572.6,5610,33.0,1.0,393.0,GC
2024-11-15 11:00:00+00:00,2572.5,2578.0,2571.3,2575.3,5173,33.0,1.0,393.0,GC
2024-11-15 12:00:00+00:00,2575.3,2575.6,2569.9,2573.6,6316,33.0,1.0,393.0,GC
2024-11-15 13:00:00+00:00,2573.8,2580.4,2565.3,2569.7,21991,33.0,1.0,393.0,GC
2024-11-15 14:00:00+00:00,2569.6,2580.2,2568.6,2577.5,17201,33.0,1.0,393.0,GC
2024-11-15 15:00:00+00:00,2577.5,2580.8,2569.6,2575.6,14347,33.0,1.0,393.0,GC
2024-11-15 16:00:00+00:00,2575.6,2578.1,2566.3,2566.7,9568,33.0,1.0,393.0,GC
2024-11-15 17:00:00+00:00,2566.6,2569.4,2564.6,2567.4,6784,33.0,1.0,393.0,GC
2024-11-15 18:00:00+00:00,2567.4,2572.5,2563.7,2572.1,8736,33.0,1.0,393.0,GC
2024-11-15 19:00:00+00:00,2572.2,2612.1,2566.8,2568.2,3236,33.0,1.0,393.0,GC
2024-11-15 20:00:00+00:00,2568.2,2568.5,2563.9,2566.7,3617,33.0,1.0,393.0,GC
2024-11-15 21:00:00+00:00,2566.7,2589.6,2565.6,2567.4,1740,33.0,1.0,393.0,GC
2024-11-17 23:00:00+00:00,2571.5,2580.0,2568.5,2575.9,5267,33.0,1.0,393.0,GC
2024-11-18 00:00:00+00:00,2575.8,2581.9,2574.4,2581.0,3464,33.0,1.0,393.0,GC
2024-11-18 01:00:00+00:00,2581.0,2601.9,2581.0,2591.4,17659,33.0,1.0,393.0,GC
2024-11-18 02:00:00+00:00,2591.3,2600.0,2591.3,2595.6,6586,33.0,1.0,393.0,GC
2024-11-18 03:00:00+00:00,2595.5,2597.1,2592.4,2594.4,2745,33.0,1.0,393.0,GC
2024-11-18 04:00:00+00:00,2594.4,2597.7,2593.9,2596.8,1460,33.0,1.0,393.0,GC
2024-11-18 05:00:00+00:00,2596.7,2596.9,2589.3,2590.0,3884,33.0,1.0,393.0,GC
2024-11-18 06:00:00+00:00,2589.8,2592.5,2584.9,2590.7,5851,33.0,1.0,393.0,GC
2024-11-18 07:00:00+00:00,2590.6,2591.6,2585.8,2587.1,3694,33.0,1.0,393.0,GC
2024-11-18 08:00:00+00:00,2587.0,2594.6,2586.3,2589.8,5351,33.0,1.0,393.0,GC
2024-11-18 09:00:00+00:00,2589.7,2601.8,2588.0,2600.3,8184,33.0,1.0,393.0,GC
2024-11-18 10:00:00+00:00,2600.3,2601.2,2593.7,2598.5,5979,33.0,1.0,393.0,GC
2024-11-18 11:00:00+00:00,2598.4,2599.9,2594.7,2598.8,5232,33.0,1.0,393.0,GC
2024-11-18 12:00:00+00:00,2598.5,2601.6,2594.7,2599.7,7539,33.0,1.0,393.0,GC
2024-11-18 13:00:00+00:00,2599.4,2609.9,2597.1,2608.5,16617,33.0,1.0,393.0,GC
2024-11-18 14:00:00+00:00,2608.5,2614.9,2607.2,2612.5,15813,33.0,1.0,393.0,GC
2024-11-18 15:00:00+00:00,2612.5,2617.6,2610.3,2617.2,11773,33.0,1.0,393.0,GC
2024-11-18 16:00:00+00:00,2617.3,2619.5,2613.6,2615.9,9054,33.0,1.0,393.0,GC
2024-11-18 17:00:00+00:00,2616.0,2616.2,2611.6,2614.8,6144,33.0,1.0,393.0,GC
2024-11-18 18:00:00+00:00,2614.8,2616.5,2612.0,2615.4,6636,33.0,1.0,393.0,GC
2024-11-18 19:00:00+00:00,2615.5,2617.0,2612.6,2614.0,3257,33.0,1.0,393.0,GC
2024-11-18 20:00:00+00:00,2614.0,2615.8,2612.4,2614.4,3600,33.0,1.0,393.0,GC
2024-11-18 21:00:00+00:00,2614.5,2616.7,2614.1,2616.1,2414,33.0,1.0,393.0,GC
2024-11-18 23:00:00+00:00,2616.3,2617.1,2614.2,2616.6,1569,33.0,1.0,393.0,GC
2024-11-19 00:00:00+00:00,2616.7,2617.7,2615.0,2617.3,1766,33.0,1.0,393.0,GC
2024-11-19 01:00:00+00:00,2617.4,2622.0,2615.5,2619.7,6514,33.0,1.0,393.0,GC
2024-11-19 02:00:00+00:00,2619.9,2628.3,2619.9,2626.6,6622,33.0,1.0,393.0,GC
2024-11-19 03:00:00+00:00,2626.5,2629.7,2625.6,2628.5,4424,33.0,1.0,393.0,GC
2024-11-19 04:00:00+00:00,2628.4,2629.5,2625.7,2627.1,1928,33.0,1.0,393.0,GC
2024-11-19 05:00:00+00:00,2627.1,2627.5,2625.0,2626.6,3043,33.0,1.0,393.0,GC
2024-11-19 06:00:00+00:00,2626.4,2630.6,2625.3,2629.0,3561,33.0,1.0,393.0,GC
2024-11-19 07:00:00+00:00,2629.1,2629.2,2621.4,2622.9,5055,33.0,1.0,393.0,GC
2024-11-19 08:00:00+00:00,2622.7,2631.0,2622.5,2630.3,8123,33.0,1.0,393.0,GC
2024-11-19 09:00:00+00:00,2630.2,2638.4,2629.3,2634.1,14373,33.0,1.0,393.0,GC
2024-11-19 10:00:00+00:00,2634.2,2640.6,2633.9,2638.9,7256,33.0,1.0,393.0,GC
2024-11-19 11:00:00+00:00,2638.9,2639.9,2632.6,2633.2,6500,33.0,1.0,393.0,GC
2024-11-19 12:00:00+00:00,2633.2,2643.2,2632.4,2643.2,9455,33.0,1.0,393.0,GC
2024-11-19 13:00:00+00:00,2643.3,2643.4,2633.1,2639.2,17396,33.0,1.0,393.0,GC
2024-11-19 14:00:00+00:00,2639.1,2640.9,2626.2,2626.9,22223,33.0,1.0,393.0,GC
2024-11-19 15:00:00+00:00,2626.9,2632.5,2624.5,2628.2,13457,33.0,1.0,393.0,GC
2024-11-19 16:00:00+00:00,2628.5,2632.3,2626.0,2630.2,8416,33.0,1.0,393.0,GC
2024-11-19 17:00:00+00:00,2630.1,2637.0,2629.3,2631.8,7054,33.0,1.0,393.0,GC
2024-11-19 18:00:00+00:00,2631.8,2634.3,2629.9,2633.9,4661,33.0,1.0,393.0,GC
2024-11-19 19:00:00+00:00,2634.0,2635.5,2632.7,2634.5,2285,33.0,1.0,393.0,GC
2024-11-19 20:00:00+00:00,2634.5,2658.4,2634.2,2637.4,2725,33.0,1.0,393.0,GC
2024-11-19 21:00:00+00:00,2637.4,2637.6,2634.0,2635.7,2449,33.0,1.0,393.0,GC
2024-11-19 23:00:00+00:00,2635.8,2638.4,2634.9,2638.0,1826,33.0,1.0,393.0,GC
2024-11-20 00:00:00+00:00,2638.0,2642.3,2637.4,2640.9,2478,33.0,1.0,393.0,GC
2024-11-20 01:00:00+00:00,2641.0,2644.6,2638.8,2642.8,4803,33.0,1.0,393.0,GC
2024-11-20 02:00:00+00:00,2642.9,2645.3,2641.7,2643.4,3234,33.0,1.0,393.0,GC
2024-11-20 03:00:00+00:00,2643.6,2666.8,2640.9,2641.2,2185,33.0,1.0,393.0,GC
2024-11-20 04:00:00+00:00,2641.2,2642.0,2639.3,2639.9,1413,33.0,1.0,393.0,GC
2024-11-20 05:00:00+00:00,2639.9,2641.9,2638.2,2640.2,3080,33.0,1.0,393.0,GC
2024-11-20 06:00:00+00:00,2640.1,2640.4,2631.6,2632.8,6434,33.0,1.0,393.0,GC
2024-11-20 07:00:00+00:00,2632.6,2633.5,2624.2,2624.6,6967,33.0,1.0,393.0,GC
2024-11-20 08:00:00+00:00,2624.5,2627.7,2621.9,2627.4,5495,33.0,1.0,393.0,GC
2024-11-20 09:00:00+00:00,2627.4,2629.1,2624.0,2625.0,5118,33.0,1.0,393.0,GC
2024-11-20 10:00:00+00:00,2625.2,2629.5,2624.0,2628.3,4417,33.0,1.0,393.0,GC
2024-11-20 11:00:00+00:00,2628.3,2631.5,2624.6,2631.4,5449,33.0,1.0,393.0,GC
2024-11-20 12:00:00+00:00,2631.4,2635.8,2630.3,2635.2,6990,33.0,1.0,393.0,GC
2024-11-20 13:00:00+00:00,2635.1,2644.1,2634.4,2639.6,13799,33.0,1.0,393.0,GC
2024-11-20 14:00:00+00:00,2639.7,2649.9,2637.5,2646.7,18864,33.0,1.0,393.0,GC
2024-11-20 15:00:00+00:00,2646.5,2652.6,2644.2,2652.4,13941,33.0,1.0,393.0,GC
2024-11-20 16:00:00+00:00,2652.4,2654.3,2649.6,2654.1,8872,33.0,1.0,393.0,GC
2024-11-20 17:00:00+00:00,2654.0,2659.0,2652.7,2655.3,8235,33.0,1.0,393.0,GC
2024-11-20 18:00:00+00:00,2655.3,2655.7,2648.8,2651.9,7933,33.0,1.0,393.0,GC
2024-11-20 19:00:00+00:00,2651.9,2656.7,2651.8,2654.4,3241,33.0,1.0,393.0,GC
2024-11-20 20:00:00+00:00,2654.4,2654.7,2650.7,2652.3,3196,33.0,1.0,393.0,GC
2024-11-20 21:00:00+00:00,2652.4,2654.2,2651.4,2654.1,1780,33.0,1.0,393.0,GC
2024-11-20 23:00:00+00:00,2653.5,2675.7,2651.6,2654.6,1553,33.0,1.0,393.0,GC
2024-11-21 00:00:00+00:00,2654.8,2661.3,2654.2,2660.9,3158,33.0,1.0,393.0,GC
2024-11-21 01:00:00+00:00,2661.1,2663.3,2654.1,2656.0,5257,33.0,1.0,393.0,GC
2024-11-21 02:00:00+00:00,2655.9,2660.8,2654.8,2656.3,3256,33.0,1.0,393.0,GC
2024-11-21 03:00:00+00:00,2656.3,2659.7,2653.1,2659.4,2739,33.0,1.0,393.0,GC
2024-11-21 04:00:00+00:00,2659.5,2661.6,2659.4,2659.4,1785,33.0,1.0,393.0,GC
2024-11-21 05:00:00+00:00,2659.5,2660.7,2657.1,2659.4,2470,33.0,1.0,393.0,GC
2024-11-21 06:00:00+00:00,2659.4,2664.6,2659.1,2663.8,3835,33.0,1.0,393.0,GC
2024-11-21 07:00:00+00:00,2663.7,2667.2,2662.3,2665.5,3966,33.0,1.0,393.0,GC
2024-11-21 08:00:00+00:00,2665.4,2672.6,2664.3,2671.2,8092,33.0,1.0,393.0,GC
2024-11-21 09:00:00+00:00,2671.1,2674.0,2666.1,2671.5,7539,33.0,1.0,393.0,GC
2024-11-21 10:00:00+00:00,2671.5,2672.9,2667.5,2672.4,5854,33.0,1.0,393.0,GC
2024-11-21 11:00:00+00:00,2672.5,2676.2,2670.9,2674.1,4283,33.0,1.0,393.0,GC
2024-11-21 12:00:00+00:00,2674.3,2674.4,2665.5,2666.0,7291,33.0,1.0,393.0,GC
2024-11-21 13:00:00+00:00,2665.8,2670.3,2662.8,2667.9,10638,33.0,1.0,393.0,GC
2024-11-21 14:00:00+00:00,2668.1,2674.2,2663.6,2667.4,14121,33.0,1.0,393.0,GC
2024-11-21 15:00:00+00:00,2667.3,2673.2,2666.8,2670.4,10233,33.0,1.0,393.0,GC
2024-11-21 16:00:00+00:00,2670.3,2672.4,2663.6,2667.2,9403,33.0,1.0,393.0,GC
2024-11-21 17:00:00+00:00,2667.2,2675.4,2664.2,2674.6,6853,33.0,1.0,393.0,GC
2024-11-21 18:00:00+00:00,2674.5,2676.0,2671.6,2675.1,5454,33.0,1.0,393.0,GC
2024-11-21 19:00:00+00:00,2675.1,2676.5,2670.4,2672.3,3476,33.0,1.0,393.0,GC
2024-11-21 20:00:00+00:00,2672.3,2674.4,2671.2,2674.1,2603,33.0,1.0,393.0,GC
2024-11-21 21:00:00+00:00,2674.0,2674.3,2670.3,2672.2,2718,33.0,1.0,393.0,GC
2024-11-21 23:00:00+00:00,2672.0,2695.9,2670.1,2671.1,1245,33.0,1.0,393.0,GC
2024-11-22 00:00:00+00:00,2671.3,2675.6,2670.8,2675.2,2038,33.0,1.0,393.0,GC
2024-11-22 01:00:00+00:00,2675.1,2681.7,2675.1,2680.1,4340,33.0,1.0,393.0,GC
2024-11-22 02:00:00+00:00,2679.7,2688.8,2679.5,2688.5,4846,33.0,1.0,393.0,GC
2024-11-22 03:00:00+00:00,2688.4,2692.9,2683.4,2688.6,7940,33.0,1.0,393.0,GC
2024-11-22 04:00:00+00:00,2688.6,2694.7,2685.2,2690.9,5413,33.0,1.0,393.0,GC
2024-11-22 05:00:00+00:00,2691.0,2691.3,2685.1,2688.5,3001,33.0,1.0,393.0,GC
2024-11-22 06:00:00+00:00,2688.8,2695.6,2688.1,2695.3,3810,33.0,1.0,393.0,GC
2024-11-22 07:00:00+00:00,2695.2,2701.8,2693.0,2699.1,7693,33.0,1.0,393.0,GC
2024-11-22 08:00:00+00:00,2699.2,2703.0,2697.3,2699.9,8508,33.0,1.0,393.0,GC
2024-11-22 09:00:00+00:00,2699.8,2709.8,2695.8,2705.7,11659,33.0,1.0,393.0,GC
2024-11-22 10:00:00+00:00,2705.8,2731.1,2705.0,2710.0,7835,33.0,1.0,393.0,GC
2024-11-22 11:00:00+00:00,2710.1,2712.4,2699.2,2701.1,10785,33.0,1.0,393.0,GC
2024-11-22 12:00:00+00:00,2701.0,2707.3,2699.3,2705.4,6860,33.0,1.0,393.0,GC
2024-11-22 13:00:00+00:00,2705.2,2706.5,2691.3,2695.1,15668,33.0,1.0,393.0,GC
2024-11-22 14:00:00+00:00,2695.1,2698.7,2686.4,2696.8,16079,33.0,1.0,393.0,GC
2024-11-22 15:00:00+00:00,2697.1,2707.5,2696.6,2706.0,14107,33.0,1.0,393.0,GC
2024-11-22 16:00:00+00:00,2706.1,2708.8,2703.1,2707.3,9067,33.0,1.0,393.0,GC
2024-11-22 17:00:00+00:00,2707.5,2709.5,2705.7,2709.0,4178,33.0,1.0,393.0,GC
2024-11-22 18:00:00+00:00,2709.0,2713.7,2708.9,2713.1,7965,33.0,1.0,393.0,GC
2024-11-22 19:00:00+00:00,2713.2,2713.7,2709.2,2710.3,3435,33.0,1.0,393.0,GC
2024-11-22 20:00:00+00:00,2710.3,2711.1,2707.2,2707.8,3979,33.0,1.0,393.0,GC
2024-11-22 21:00:00+00:00,2707.8,2718.5,2707.7,2718.2,3789,33.0,1.0,393.0,GC
2024-11-24 23:00:00+00:00,2716.9,2723.2,2690.0,2721.6,8485,33.0,1.0,393.0,GC
2024-11-25 00:00:00+00:00,2721.5,2746.4,2711.5,2712.4,4277,33.0,1.0,393.0,GC
2024-11-25 01:00:00+00:00,2712.5,2713.0,2696.7,2703.2,11288,33.0,1.0,393.0,GC
2024-11-25 02:00:00+00:00,2703.3,2727.4,2694.2,2697.0,5838,33.0,1.0,393.0,GC
2024-11-25 03:00:00+00:00,2697.0,2699.2,2661.0,2674.0,17625,33.0,1.0,393.0,GC
2024-11-25 04:00:00+00:00,2674.0,2678.1,2665.5,2673.9,5740,33.0,1.0,393.0,GC
2024-11-25 05:00:00+00:00,2674.0,2675.5,2660.0,2666.6,7388,33.0,1.0,393.0,GC
2024-11-25 06:00:00+00:00,2666.6,2695.0,2663.4,2668.7,5087,33.0,1.0,393.0,GC
2024-11-25 07:00:00+00:00,2668.6,2695.1,2665.2,2693.7,6182,33.0,1.0,393.0,GC
2024-11-25 08:00:00+00:00,2669.2,2697.7,2668.7,2673.6,4961,33.0,1.0,393.0,GC
2024-11-25 09:00:00+00:00,2673.6,2700.6,2671.6,2675.5,3787,33.0,1.0,393.0,GC
2024-11-25 10:00:00+00:00,2675.5,2696.8,2670.3,2679.4,4923,33.0,1.0,393.0,GC
2024-11-25 11:00:00+00:00,2679.4,2690.3,2679.3,2688.4,8349,33.0,1.0,393.0,GC
2024-11-25 12:00:00+00:00,2688.5,2688.8,2681.4,2682.4,6666,33.0,1.0,393.0,GC
2024-11-25 13:00:00+00:00,2682.3,2689.5,2678.0,2679.7,11549,33.0,1.0,393.0,GC
2024-11-25 14:00:00+00:00,2679.7,2680.1,2634.5,2642.6,48539,33.0,1.0,393.0,GC
2024-11-25 15:00:00+00:00,2642.5,2662.2,2627.3,2629.6,20691,33.0,1.0,393.0,GC
2024-11-25 16:00:00+00:00,2629.4,2640.9,2629.4,2633.3,12006,33.0,1.0,393.0,GC
2024-11-25 17:00:00+00:00,2633.2,2635.5,2625.4,2629.2,8596,33.0,1.0,393.0,GC
2024-11-25 18:00:00+00:00,2629.1,2652.0,2616.6,2620.2,16088,33.0,1.0,393.0,GC
2024-11-25 19:00:00+00:00,2620.2,2627.5,2619.6,2626.9,5478,33.0,1.0,393.0,GC
2024-11-25 20:00:00+00:00,2626.9,2652.8,2623.7,2627.3,3748,33.0,1.0,393.0,GC
2024-11-25 21:00:00+00:00,2627.2,2652.0,2625.8,2626.4,1990,33.0,1.0,393.0,GC
2024-11-25 23:00:00+00:00,2626.2,2653.5,2605.3,2610.5,6960,33.0,1.0,393.0,GC
2024-11-26 00:00:00+00:00,2610.7,2647.8,2609.0,2619.9,5059,33.0,1.0,393.0,GC
2024-11-26 01:00:00+00:00,2619.9,2655.3,2618.0,2628.4,6197,33.0,1.0,393.0,GC
2024-11-26 02:00:00+00:00,2652.6,2654.9,2625.1,2650.0,2563,33.0,1.0,1551.0,GC
2024-11-26 03:00:00+00:00,2625.5,2655.7,2622.9,2630.5,1891,33.0,1.0,393.0,GC
2024-11-26 04:00:00+00:00,2654.9,2656.0,2625.2,2650.9,1359,33.0,1.0,1551.0,GC
2024-11-26 05:00:00+00:00,2626.5,2651.0,2617.1,2624.7,3256,33.0,1.0,393.0,GC
2024-11-26 06:00:00+00:00,2624.7,2650.5,2621.4,2622.3,1765,33.0,1.0,393.0,GC
2024-11-26 07:00:00+00:00,2646.6,2647.6,2610.9,2614.2,4291,33.0,1.0,1551.0,GC
2024-11-26 08:00:00+00:00,2614.2,2642.7,2612.8,2613.7,4202,33.0,1.0,393.0,GC
2024-11-26 09:00:00+00:00,2613.6,2651.0,2613.1,2650.8,5367,33.0,1.0,393.0,GC
2024-11-26 10:00:00+00:00,2626.5,2657.5,2625.6,2631.8,6332,33.0,1.0,393.0,GC
2024-11-26 11:00:00+00:00,2631.8,2657.9,2628.1,2633.5,3388,33.0,1.0,393.0,GC
2024-11-26 12:00:00+00:00,2633.7,2659.7,2629.7,2631.2,4101,33.0,1.0,393.0,GC
2024-11-26 13:00:00+00:00,2655.9,2666.0,2627.1,2654.8,15324,33.0,1.0,1551.0,GC
2024-11-26 14:00:00+00:00,2629.9,2657.4,2616.7,2623.0,15516,33.0,1.0,393.0,GC
2024-11-26 15:00:00+00:00,2623.0,2657.3,2620.5,2629.9,9864,33.0,1.0,393.0,GC
2024-11-26 16:00:00+00:00,2630.0,2656.4,2626.7,2628.9,4521,33.0,1.0,393.0,GC
2024-11-26 17:00:00+00:00,2628.8,2653.5,2625.0,2625.2,2986,33.0,1.0,393.0,GC
2024-11-26 18:00:00+00:00,2625.1,2649.9,2619.9,2648.6,6023,33.0,1.0,393.0,GC
2024-11-26 19:00:00+00:00,2624.0,2654.3,2622.7,2653.4,2126,33.0,1.0,393.0,GC
2024-11-26 20:00:00+00:00,2653.6,2658.2,2628.1,2657.0,2455,33.0,1.0,1551.0,GC
2024-11-26 21:00:00+00:00,2632.1,2659.0,2631.6,2658.8,1254,33.0,1.0,393.0,GC
2024-11-26 23:00:00+00:00,2658.3,2659.2,2655.7,2657.4,1592,33.0,1.0,1551.0,GC
2024-11-27 00:00:00+00:00,2657.5,2658.2,2628.4,2653.0,1863,33.0,1.0,1551.0,GC
2024-11-27 01:00:00+00:00,2653.0,2658.0,2652.2,2656.7,3285,33.0,1.0,1551.0,GC
2024-11-27 02:00:00+00:00,2656.6,2665.9,2656.5,2662.9,4469,33.0,1.0,1551.0,GC
2024-11-27 03:00:00+00:00,2663.0,2665.0,2661.2,2663.1,3111,33.0,1.0,1551.0,GC
2024-11-27 04:00:00+00:00,2663.0,2666.0,2639.9,2664.3,1649,33.0,1.0,1551.0,GC
2024-11-27 05:00:00+00:00,2664.3,2671.1,2639.3,2667.5,3932,33.0,1.0,1551.0,GC
2024-11-27 06:00:00+00:00,2667.4,2673.1,2664.1,2672.9,5900,33.0,1.0,1551.0,GC
2024-11-27 07:00:00+00:00,2673.0,2673.8,2647.3,2672.1,5336,33.0,1.0,1551.0,GC
2024-11-27 08:00:00+00:00,2672.1,2678.9,2646.9,2678.5,8453,33.0,1.0,1551.0,GC
2024-11-27 09:00:00+00:00,2678.7,2679.1,2649.5,2673.2,4366,33.0,1.0,1551.0,GC
2024-11-27 10:00:00+00:00,2673.3,2675.0,2672.6,2673.6,3162,33.0,1.0,1551.0,GC
2024-11-27 11:00:00+00:00,2673.5,2677.2,2667.3,2675.8,6276,33.0,1.0,1551.0,GC
2024-11-27 12:00:00+00:00,2675.9,2679.8,2674.2,2675.9,5010,33.0,1.0,1551.0,GC
2024-11-27 13:00:00+00:00,2676.0,2683.4,2670.1,2681.4,13161,33.0,1.0,1551.0,GC
2024-11-27 14:00:00+00:00,2681.4,2681.9,2674.2,2676.5,11014,33.0,1.0,1551.0,GC
2024-11-27 15:00:00+00:00,2676.4,2676.7,2660.3,2668.0,20208,33.0,1.0,1551.0,GC
2024-11-27 16:00:00+00:00,2667.8,2669.6,2639.1,2664.2,6680,33.0,1.0,1551.0,GC
2024-11-27 17:00:00+00:00,2664.1,2668.1,2660.3,2662.6,5889,33.0,1.0,1551.0,GC
2024-11-27 18:00:00+00:00,2662.4,2666.1,2661.8,2664.1,4160,33.0,1.0,1551.0,GC
2024-11-27 19:00:00+00:00,2664.2,2664.7,2658.7,2659.9,2755,33.0,1.0,1551.0,GC
2024-11-27 20:00:00+00:00,2659.9,2664.2,2659.3,2662.2,2697,33.0,1.0,1551.0,GC
2024-11-27 21:00:00+00:00,2662.2,2662.7,2660.0,2661.1,1193,33.0,1.0,1551.0,GC
2024-11-27 23:00:00+00:00,2660.6,2662.4,2660.4,2661.4,702,33.0,1.0,1551.0,GC
2024-11-28 00:00:00+00:00,2661.3,2662.7,2659.3,2659.9,1354,33.0,1.0,1551.0,GC
2024-11-28 01:00:00+00:00,2659.8,2660.6,2644.1,2652.6,9468,33.0,1.0,1551.0,GC
2024-11-28 02:00:00+00:00,2652.6,2653.9,2649.2,2652.1,2472,33.0,1.0,1551.0,GC
2024-11-28 03:00:00+00:00,2651.8,2656.0,2649.3,2654.0,2062,33.0,1.0,1551.0,GC
2024-11-28 04:00:00+00:00,2654.0,2658.2,2653.1,2655.3,1376,33.0,1.0,1551.0,GC
2024-11-28 05:00:00+00:00,2655.2,2658.2,2654.0,2657.2,1780,33.0,1.0,1551.0,GC
2024-11-28 06:00:00+00:00,2657.3,2663.5,2655.7,2660.6,2738,33.0,1.0,1551.0,GC
2024-11-28 07:00:00+00:00,2660.9,2663.2,2658.3,2661.3,2924,33.0,1.0,1551.0,GC
2024-11-28 08:00:00+00:00,2661.3,2670.5,2659.7,2668.0,4942,33.0,1.0,1551.0,GC
2024-11-28 09:00:00+00:00,2668.1,2671.9,2666.7,2669.9,3762,33.0,1.0,1551.0,GC
2024-11-28 10:00:00+00:00,2670.0,2673.4,2668.4,2671.2,3923,33.0,1.0,1551.0,GC
2024-11-28 11:00:00+00:00,2671.3,2673.3,2668.6,2670.5,2725,33.0,1.0,1551.0,GC
2024-11-28 12:00:00+00:00,2670.6,2671.0,2667.5,2669.9,2862,33.0,1.0,1551.0,GC
2024-11-28 13:00:00+00:00,2669.9,2671.7,2666.5,2670.9,5403,33.0,1.0,1551.0,GC
2024-11-28 14:00:00+00:00,2670.9,2671.8,2664.9,2665.4,4195,33.0,1.0,1551.0,GC
2024-11-28 15:00:00+00:00,2665.3,2667.2,2660.4,2662.4,6288,33.0,1.0,1551.0,GC
2024-11-28 16:00:00+00:00,2662.3,2666.6,2661.8,2666.3,2817,33.0,1.0,1551.0,GC
2024-11-28 17:00:00+00:00,2666.2,2666.5,2663.9,2665.1,1256,33.0,1.0,1551.0,GC
2024-11-28 18:00:00+00:00,2665.2,2665.5,2663.6,2664.1,448,33.0,1.0,1551.0,GC
2024-11-28 19:00:00+00:00,2664.1,2664.1,2661.4,2661.5,434,33.0,1.0,1551.0,GC
2024-11-28 23:00:00+00:00,2661.9,2663.0,2660.9,2662.6,1072,33.0,1.0,1551.0,GC
2024-11-29 00:00:00+00:00,2662.4,2663.0,2659.2,2659.8,1790,33.0,1.0,1551.0,GC
2024-11-29 01:00:00+00:00,2659.6,2671.1,2657.5,2669.0,5483,33.0,1.0,1551.0,GC
2024-11-29 02:00:00+00:00,2668.8,2686.9,2668.8,2681.5,8867,33.0,1.0,1551.0,GC
2024-11-29 03:00:00+00:00,2681.7,2684.7,2678.8,2684.2,3174,33.0,1.0,1551.0,GC
2024-11-29 04:00:00+00:00,2684.3,2688.6,2682.5,2684.0,2877,33.0,1.0,1551.0,GC
2024-11-29 05:00:00+00:00,2684.2,2688.4,2683.6,2686.3,3044,33.0,1.0,1551.0,GC
2024-11-29 06:00:00+00:00,2686.4,2690.5,2685.7,2689.2,3270,33.0,1.0,1551.0,GC
2024-11-29 07:00:00+00:00,2689.4,2689.5,2683.1,2684.7,3240,33.0,1.0,1551.0,GC
2024-11-29 08:00:00+00:00,2684.8,2686.7,2678.5,2681.2,5249,33.0,1.0,1551.0,GC
2024-11-29 09:00:00+00:00,2681.1,2688.8,2679.7,2688.1,6056,33.0,1.0,1551.0,GC
2024-11-29 10:00:00+00:00,2688.2,2689.7,2685.2,2686.8,4474,33.0,1.0,1551.0,GC
2024-11-29 11:00:00+00:00,2686.6,2688.2,2683.3,2683.3,4159,33.0,1.0,1551.0,GC
2024-11-29 12:00:00+00:00,2683.3,2688.6,2682.6,2683.6,4656,33.0,1.0,1551.0,GC
2024-11-29 13:00:00+00:00,2683.7,2687.0,2679.6,2681.6,8492,33.0,1.0,1551.0,GC
2024-11-29 14:00:00+00:00,2681.5,2686.4,2675.5,2677.4,10624,33.0,1.0,1551.0,GC
2024-11-29 15:00:00+00:00,2677.6,2682.9,2674.6,2682.8,10028,33.0,1.0,1551.0,GC
2024-11-29 16:00:00+00:00,2682.8,2686.5,2682.0,2686.2,5879,33.0,1.0,1551.0,GC
2024-11-29 17:00:00+00:00,2686.2,2686.2,2681.5,2684.9,4565,33.0,1.0,1551.0,GC
2024-11-29 18:00:00+00:00,2684.9,2685.0,2675.3,2676.5,5466,33.0,1.0,1551.0,GC
2024-11-29 19:00:00+00:00,2676.3,2676.7,2672.0,2673.9,1853,33.0,1.0,1551.0,GC
